id,full_name,created_at,updated_at,first_name,last_name
3,Adéchiké Torbert,2014-09-21 19:46:40.298781,2014-09-21 19:58:40.039644,"Adéchiké
",Torbert
5,Alex Wong,2014-09-21 19:46:40.306084,2014-09-21 19:58:40.048523,"Alex
",Wong
6,Alexa Anderson,2014-09-21 19:46:40.308913,2014-09-21 19:58:40.053555,"Alexa
",Anderson
7,Alexander Fost,2014-09-21 19:46:40.312237,2014-09-21 19:58:40.05832,"Alexander
",Fost
8,Alexie Agdeppa,2014-09-21 19:46:40.319254,2014-09-21 19:58:40.062957,"Alexie
",Agdeppa
9,Allan Frias,2014-09-21 19:46:40.323534,2014-09-21 19:58:40.068835,"Allan
",Frias
11,Amber Jackson,2014-09-21 19:46:40.329627,2014-09-21 19:58:40.078085,"Amber
",Jackson
12,Amelia Lowe,2014-09-21 19:46:40.332766,2014-09-21 19:58:40.082934,"Amelia
",Lowe
13,Anya Garnis,2014-09-21 19:46:40.336545,2014-09-21 19:58:40.087326,"Anya
",Garnis
15,Artem Chigvinsev,2014-09-21 19:46:40.342655,2014-09-21 19:58:40.096927,"Artem
",Chigvinsev
16,Ashle Dawson,2014-09-21 19:46:40.345411,2014-09-21 19:58:40.101803,"Ashle
",Dawson
18,Ashlee Nino,2014-09-21 19:46:40.357377,2014-09-21 19:58:40.112182,"Ashlee
",Nino
19,Ashleigh DiLello,2014-09-21 19:46:40.36163,2014-09-21 19:58:40.116783,"Ashleigh
",DiLello
20,Ashley Galvan,2014-09-21 19:46:40.364768,2014-09-21 19:58:40.121714,"Ashley
",Galvan
21,Ashley Rich,2014-09-21 19:46:40.369848,2014-09-21 19:58:40.126511,"Ashley
",Rich
23,Asuka Kondoh,2014-09-21 19:46:40.375766,2014-09-21 19:58:40.135503,"Asuka
",Kondoh
24,Audrey Case,2014-09-21 19:46:40.378608,2014-09-21 19:58:40.1403,"Audrey
",Case
26,Ben Susak,2014-09-21 19:46:40.384301,2014-09-21 19:58:40.150327,"Ben
",Susak
27,Benji Schwimmer,2014-09-21 19:46:40.387676,2014-09-21 19:58:40.155871,"Benji
",Schwimmer
28,Bianca Revels,2014-09-21 19:46:40.395742,2014-09-21 19:58:40.161501,"Bianca
",Revels
29,Billy Bell,2014-09-21 19:46:40.402002,2014-09-21 19:58:40.166602,"Billy
",Bell
31,Brandon Bryant,2014-09-21 19:47:01.424503,2014-09-21 19:58:40.176589,"Brandon
",Bryant
32,Brandon Mitchell,2014-09-21 19:47:01.436752,2014-09-21 19:58:40.18232,"Brandon
",Mitchell
34,Caitlynn Lawson,2014-09-21 19:47:01.444047,2014-09-21 19:58:40.192835,"Caitlynn
",Lawson
35,Cedric Gardner,2014-09-21 19:47:01.447412,2014-09-21 19:58:40.197459,"Cedric
",Gardner
37,Chehon Wespi-Tschopp,2014-09-21 19:47:01.454728,2014-09-21 19:58:40.206266,"Chehon
",Wespi-Tschopp
38,Chelsea Traille,2014-09-21 19:47:01.458081,2014-09-21 19:58:40.210766,"Chelsea
",Traille
40,Chris Jarosz,2014-09-21 19:47:01.467268,2014-09-21 19:58:40.225916,"Chris
",Jarosz
41,Chris Koehl,2014-09-21 19:47:01.47152,2014-09-21 19:58:40.231612,"Chris
",Koehl
42,Clarice Ordaz,2014-09-21 19:47:01.474695,2014-09-21 19:58:40.236384,"Clarice
",Ordaz
43,Cole Horibe,2014-09-21 19:47:01.477704,2014-09-21 19:58:40.241064,"Cole
",Horibe
45,Courtney Galiano,2014-09-21 19:47:01.483846,2014-09-21 19:58:40.250115,"Courtney
",Galiano
46,Craig DeRosa,2014-09-21 19:47:01.486849,2014-09-21 19:58:40.254899,"Craig
",DeRosa
48,Cyrus Spencer,2014-09-21 19:47:01.493534,2014-09-21 19:58:40.26576,"Cyrus
",Spencer
49,Daniel Baker,2014-09-21 19:47:01.496598,2014-09-21 19:58:40.271095,"Daniel
",Baker
50,Danny Tidwell,2014-09-21 19:47:01.501917,2014-09-21 19:58:40.276052,"Danny
",Tidwell
51,Dareian Kujawa,2014-09-21 19:47:01.505631,2014-09-21 19:58:40.280833,"Dareian
",Kujawa
53,Dmitry Chaplin,2014-09-21 19:47:01.51169,2014-09-21 19:58:40.289682,"Dmitry
",Chaplin
54,Dominic Sandoval,2014-09-21 19:47:01.515264,2014-09-21 19:58:40.294676,"Dominic
",Sandoval
55,Donyelle Jones,2014-09-21 19:47:01.518921,2014-09-21 19:58:40.300505,"Donyelle
",Jones
57,Ellenore Scott,2014-09-21 19:47:01.52606,2014-09-21 19:58:40.309621,"Ellenore
",Scott
58,Erin Ellis,2014-09-21 19:47:01.529375,2014-09-21 19:58:40.313967,"Erin
",Ellis
59,Evan Kasprzak,2014-09-21 19:47:01.532336,2014-09-21 19:58:40.318747,"Evan
",Kasprzak
61,George Lawrence Jr.,2014-09-21 19:47:01.542326,2014-09-21 19:58:40.328341,"George
",Lawrence
62,Gev Manoukian,2014-09-21 19:47:01.545788,2014-09-21 19:58:40.332772,"Gev
",Manoukian
63,Heidi Groskreutz,2014-09-21 19:47:01.548871,2014-09-21 19:58:40.33858,"Heidi
",Groskreutz
65,Ivan Koumaev,2014-09-21 19:47:01.556385,2014-09-21 19:58:40.348835,"Ivan
",Koumaev
66,Iveta Lukosiute,2014-09-21 19:47:01.559904,2014-09-21 19:58:40.353589,"Iveta
",Lukosiute
68,Jakob Karr,2014-09-21 19:47:01.565624,2014-09-21 19:58:40.362631,"Jakob
",Karr
69,Jamie Bayard,2014-09-21 19:47:01.568681,2014-09-21 19:58:40.367338,"Jamie
",Bayard
70,Jamile McGee,2014-09-21 19:47:01.571725,2014-09-21 19:58:40.372673,"Jamile
",McGee
72,Janelle Issis,2014-09-21 19:47:01.580047,2014-09-21 19:58:40.383695,"Janelle
",Issis
73,Janette Manrara,2014-09-21 19:47:01.582855,2014-09-21 19:58:40.388683,"Janette
",Manrara
74,Jason Glover,2014-09-21 19:47:01.586628,2014-09-21 19:58:40.393604,"Jason
",Glover
76,Jaymz Tuaileva,2014-09-21 19:47:01.593517,2014-09-21 19:58:40.40331,"Jaymz
",Tuaileva
77,Jeanine Mason,2014-09-21 19:47:01.596566,2014-09-21 19:58:40.40788,"Jeanine
",Mason
1,Adam Cooper,2014-09-21 19:46:40.280404,2014-09-21 19:58:40.029976,"Adam
",Cooper
2,Ade Obayomi,2014-09-21 19:46:40.29163,2014-09-21 19:58:40.035318,"Ade
",Obayomi
4,Aleksandra Wojda,2014-09-21 19:46:40.303321,2014-09-21 19:58:40.043917,"Aleksandra
",Wojda
10,Allison Holker,2014-09-21 19:46:40.326576,2014-09-21 19:58:40.073563,"Allison
",Holker
14,Ariana DeBose,2014-09-21 19:46:40.339655,2014-09-21 19:58:40.091786,"Ariana
",DeBose
17,Ashlee Langas,2014-09-21 19:46:40.350303,2014-09-21 19:58:40.107713,"Ashlee
",Langas
22,Ashley Valerio,2014-09-21 19:46:40.372937,2014-09-21 19:58:40.13096,"Ashley
",Valerio
25,Barry Adelman,2014-09-21 19:46:40.381541,2014-09-21 19:58:40.144652,"Barry
",Adelman
30,Blake McGrath,2014-09-21 19:46:47.683279,2014-09-21 19:58:40.17181,"Blake
",McGrath
33,Caitlin Kinney,2014-09-21 19:47:01.440591,2014-09-21 19:58:40.187674,"Caitlin
",Kinney
36,Channing Cooke,2014-09-21 19:47:01.450776,2014-09-21 19:58:40.201845,"Channing
",Cooke
39,Chelsie Hightower,2014-09-21 19:47:01.463844,2014-09-21 19:58:40.215853,"Chelsie
",Hightower
44,Comfort Fedoke,2014-09-21 19:47:01.480725,2014-09-21 19:58:40.24527,"Comfort
",Fedoke
47,Cristina Santana,2014-09-21 19:47:01.490189,2014-09-21 19:58:40.259847,"Cristina
",Santana
52,Destini Rogers,2014-09-21 19:47:01.508563,2014-09-21 19:58:40.285414,"Destini
",Rogers
56,Eliana Girard,2014-09-21 19:47:01.522185,2014-09-21 19:58:40.30519,"Eliana
",Girard
60,Faina Savich,2014-09-21 19:47:01.538962,2014-09-21 19:58:40.323469,"Faina
",Savich
64,Hok Konishi,2014-09-21 19:47:01.552508,2014-09-21 19:58:40.34353,"Hok
",Konishi
67,Jaimie Goodwin,2014-09-21 19:47:01.562747,2014-09-21 19:58:40.357934,"Jaimie
",Goodwin
71,Janaya French,2014-09-21 19:47:01.576752,2014-09-21 19:58:40.377855,"Janaya
",French
75,Jason Williams,2014-09-21 19:47:01.590347,2014-09-21 19:58:40.398768,"Jason
",Williams
125,"Jess LeProtto
",2014-09-21 19:48:10.040524,2014-09-21 19:58:40.647427,"Jess
",LeProtto
127,Jessica Fernandez,2014-09-21 19:50:27.820205,2014-09-21 19:58:40.658153,"Jessica
",Fernandez
128,Jessica King,2014-09-21 19:50:27.824867,2014-09-21 19:58:40.663108,"Jessica
",King
129,Jesus Solorio,2014-09-21 19:50:27.828948,2014-09-21 19:58:40.667631,"Jesus
",Solorio
131,Jonathan Platero,2014-09-21 19:50:27.83593,2014-09-21 19:58:40.676539,"Jonathan
",Platero
132,Jonnis Tannis,2014-09-21 19:50:27.839169,2014-09-21 19:58:40.681293,"Jonnis
",Tannis
134,Jose Ruiz,2014-09-21 19:50:27.848189,2014-09-21 19:58:40.692294,"Jose
",Ruiz
135,Joshua Allen,2014-09-21 19:50:27.851626,2014-09-21 19:58:40.696933,"Joshua
",Allen
136,Joy Spears,2014-09-21 19:50:27.854814,2014-09-21 19:58:40.702645,"Joy
",Spears
137,K'Bez Hunte,2014-09-21 19:50:27.859101,2014-09-21 19:58:40.707209,"K'Bez
",Hunte
139,Kamilah Barrett,2014-09-21 19:50:27.86502,2014-09-21 19:58:40.716845,"Kamilah
",Barrett
140,Karen Hauer,2014-09-21 19:50:27.867979,2014-09-21 19:58:40.721239,"Karen
",Hauer
142,Katee Shean,2014-09-21 19:50:27.874365,2014-09-21 19:58:40.73068,"Katee
",Shean
143,Kathryn McCormick,2014-09-21 19:50:27.877952,2014-09-21 19:58:40.73636,"Kathryn
",McCormick
144,Kayla Radomski,2014-09-21 19:50:27.882763,2014-09-21 19:58:40.740528,"Kayla
",Radomski
146,Kent Boyd,2014-09-21 19:50:27.89093,2014-09-21 19:58:40.748888,"Kent
",Boyd
147,Kherington Payne,2014-09-21 19:50:27.894377,2014-09-21 19:58:40.75333,"Kherington
",Payne
148,Kourtni Lind,2014-09-21 19:50:27.897676,2014-09-21 19:58:40.757683,"Kourtni
",Lind
150,Lacey Schwimmer,2014-09-21 19:50:27.904252,2014-09-21 19:58:40.767757,"Lacey
",Schwimmer
151,Lauren Froderman,2014-09-21 19:50:27.908316,2014-09-21 19:58:40.773616,"Lauren
",Froderman
153,Lauren Sanchez,2014-09-21 19:50:27.914955,2014-09-21 19:58:40.782663,"Lauren
",Sanchez
154,Legacy Perez,2014-09-21 19:50:27.920487,2014-09-21 19:58:40.787087,"Legacy
",Perez
155,Lindsay Arnold,2014-09-21 19:50:27.924551,2014-09-21 19:58:40.791715,"Lindsay
",Arnold
156,Mark Kanemura,2014-09-21 19:50:27.927625,2014-09-21 19:58:40.796942,"Mark
",Kanemura
158,Marquis Cunningham,2014-09-21 19:50:27.934143,2014-09-21 19:58:40.806194,"Marquis
",Cunningham
159,Martha Nichols,2014-09-21 19:50:27.937362,2014-09-21 19:58:40.811004,"Martha
",Nichols
160,Matt Dorame,2014-09-21 19:50:27.940167,2014-09-21 19:58:40.81684,"Matt
",Dorame
162,Matthew Kazmierczak,2014-09-21 19:50:27.946626,2014-09-21 19:58:40.826411,"Matthew
",Kazmierczak
163,Max Kapitannikov,2014-09-21 19:50:27.949778,2014-09-21 19:58:40.832067,"Max
",Kapitannikov
165,Melinda Sullivan,2014-09-21 19:50:27.958004,2014-09-21 19:58:40.841626,"Melinda
",Sullivan
166,Melissa Sandvig,2014-09-21 19:50:27.961576,2014-09-21 19:58:40.846642,"Melissa
",Sandvig
168,Melody Lacayanga,2014-09-21 19:50:27.968896,2014-09-21 19:58:40.857396,"Melody
",Lacayanga
169,Michael Mead,2014-09-21 19:50:27.972018,2014-09-21 19:58:40.86244,"Michael
",Mead
171,Mike Deffina,2014-09-21 19:50:27.978903,2014-09-21 19:58:40.872103,"Mike
",Deffina
172,Miranda Maleski,2014-09-21 19:50:27.981932,2014-09-21 19:58:40.876573,"Miranda
",Maleski
173,Missy Morelli,2014-09-21 19:50:27.986178,2014-09-21 19:58:40.881141,"Missy
",Morelli
174,Mollee Gray,2014-09-21 19:50:27.99523,2014-09-21 19:58:40.885703,"Mollee
",Gray
176,Natalie Fotopoulos,2014-09-21 19:50:28.002009,2014-09-21 19:58:40.896949,"Natalie
",Fotopoulos
177,Nathan Trasoras,2014-09-21 19:50:28.004995,2014-09-21 19:58:40.901572,"Nathan
",Trasoras
179,Nick Bloxsom-Carter,2014-09-21 19:50:28.012562,2014-09-21 19:58:40.911411,"Nick
",Bloxsom-Carter
180,Nick Lazzarini,2014-09-21 19:50:28.015688,2014-09-21 19:58:40.91588,"Nick
",Lazzarini
181,Nick Young,2014-09-21 19:50:28.018911,2014-09-21 19:58:40.920593,"Nick
",Young
183,Paris Torres,2014-09-21 19:50:28.024858,2014-09-21 19:58:40.982291,"Paris
",Torres
184,Pasha Kovalev,2014-09-21 19:50:28.032077,2014-09-21 19:58:40.98714,"Pasha
",Kovalev
186,Peter Sabasino,2014-09-21 19:50:28.038339,2014-09-21 19:58:40.995933,"Peter
",Sabasino
187,Phillip Attmore,2014-09-21 19:50:28.042193,2014-09-21 19:58:41.00061,"Phillip
",Attmore
188,Phillip Chbeeb,2014-09-21 19:50:28.045386,2014-09-21 19:58:41.005288,"Phillip
",Chbeeb
189,Pia Toscano,2014-09-21 19:50:28.048508,2014-09-21 19:58:41.010624,"Pia
",Toscano
191,Rayven Armijo,2014-09-21 19:50:28.054534,2014-09-21 19:58:41.021866,"Rayven
",Armijo
192,Ricky Jaime,2014-09-21 19:50:28.057635,2014-09-21 19:58:41.027341,"Ricky
",Jaime
194,Robert Roldan,2014-09-21 19:50:28.063727,2014-09-21 19:58:41.038596,"Robert
",Roldan
195,Robert Taylor Jr.,2014-09-21 19:50:28.070216,2014-09-21 19:58:41.043504,"Robert
",Taylor
196,Ron Montez,2014-09-21 19:50:28.074406,2014-09-21 19:58:41.048485,"Ron
",Montez
198,Susie Garcia,2014-09-21 19:51:13.988899,2014-09-21 19:58:41.058418,"Susie
",Garcia
199,Tadd Gadduang,2014-09-21 19:51:13.993226,2014-09-21 19:58:41.063577,"Tadd
",Gadduang
200,Thayne Jasperson,2014-09-21 19:51:13.99689,2014-09-21 19:58:41.069719,"Thayne
",Jasperson
202,Toni Basil,2014-09-21 19:51:14.002989,2014-09-21 19:58:41.079056,"Toni
",Basil
203,Toni Redpath,2014-09-21 19:51:14.005908,2014-09-21 19:58:41.083584,"Toni
",Redpath
204,Tony Bellissimo,2014-09-21 19:51:14.008854,2014-09-21 19:58:41.088173,"Tony
",Bellissimo
205,Travis Wall,2014-09-21 19:51:14.016979,2014-09-21 19:58:41.093224,"Travis
",Wall
207,Victor Smalley,2014-09-21 19:51:14.023832,2014-09-21 19:58:41.102586,"Victor
",Smalley
208,Vitolio Jeune,2014-09-21 19:51:14.027965,2014-09-21 19:58:41.108846,"Vitolio
",Jeune
210,Will Thomas,2014-09-21 19:51:14.034712,2014-09-21 19:58:41.118115,"Will
",Thomas
211,Will Wingfield,2014-09-21 19:51:14.038203,2014-09-21 19:58:41.122552,"Will
",Wingfield
212,Witney Carson,2014-09-21 19:51:15.915632,2014-09-21 19:58:41.12745,"Witney
",Carson
126,Jessi Peralta,2014-09-21 19:50:27.807153,2014-09-21 19:58:40.652313,"Jessi
",Peralta
130,Jimmy Arguello,2014-09-21 19:50:27.832331,2014-09-21 19:58:40.672122,"Jimmy
",Arguello
133,Jordan Casanova,2014-09-21 19:50:27.844834,2014-09-21 19:58:40.687453,"Jordan
",Casanova
138,Kameron Bink,2014-09-21 19:50:27.862185,2014-09-21 19:58:40.711952,"Kameron
",Bink
141,Karla Garcia,2014-09-21 19:50:27.871019,2014-09-21 19:58:40.725924,"Karla
",Garcia
145,Kenny Ortega,2014-09-21 19:50:27.886925,2014-09-21 19:58:40.744742,"Kenny
",Ortega
149,Kupono Aweau,2014-09-21 19:50:27.900726,2014-09-21 19:58:40.762401,"Kupono
",Aweau
152,Lauren Gottlieb,2014-09-21 19:50:27.911581,2014-09-21 19:58:40.778215,"Lauren
",Gottlieb
157,Marko Germar,2014-09-21 19:50:27.930586,2014-09-21 19:58:40.801536,"Marko
",Germar
161,Matthew Diamond,2014-09-21 19:50:27.943566,2014-09-21 19:58:40.821907,"Matthew
",Diamond
164,Melanie Moore,2014-09-21 19:50:27.952914,2014-09-21 19:58:40.837149,"Melanie
",Moore
167,Melissa Vella,2014-09-21 19:50:27.96576,2014-09-21 19:58:40.85274,"Melissa
",Vella
170,Michelle Brooke,2014-09-21 19:50:27.975708,2014-09-21 19:58:40.867227,"Michelle
",Brooke
175,Musa Cooper,2014-09-21 19:50:27.99879,2014-09-21 19:58:40.892006,"Musa
",Cooper
178,Neil Haskell,2014-09-21 19:50:28.009261,2014-09-21 19:58:40.906739,"Neil
",Haskell
182,Noelle Marsh,2014-09-21 19:50:28.021715,2014-09-21 19:58:40.925342,"Noelle
",Marsh
185,Pauline Mata,2014-09-21 19:50:28.03518,2014-09-21 19:58:40.991568,"Pauline
",Mata
190,Randi Evans,2014-09-21 19:50:28.051344,2014-09-21 19:58:41.015332,"Randi
",Evans
193,Ricky Palamino,2014-09-21 19:50:28.060718,2014-09-21 19:58:41.033015,"Ricky
",Palamino
197,Stanislav Savich,2014-09-21 19:51:13.976765,2014-09-21 19:58:41.053549,"Stanislav
",Savich
201,Tiffany Maher,2014-09-21 19:51:14.000065,2014-09-21 19:58:41.074347,"Tiffany
",Maher
206,Twitch Boss,2014-09-21 19:51:14.020385,2014-09-21 19:58:41.098153,"Twitch
",Boss
209,Wadi Jones,2014-09-21 19:51:14.031593,2014-09-21 19:58:41.113345,"Wadi
",Jones
